label	tool	status	elapsed_s	command
seqkit stats single/raw	seqkit	0	0.04	seqkit stats target/bench-inputs/single.fastq
seqkit stats single/gzip	seqkit	0	0.06	seqkit stats target/bench-inputs/single.fastq.gz
seqkit stats single/bgzf	seqkit	0	0.06	seqkit stats target/bench-inputs/single.fastq.bgz
seqkit stats paired/r1/raw	seqkit	0	0.07	seqkit stats target/bench-inputs/r1.fastq
seqkit stats paired/r2/raw	seqkit	0	0.07	seqkit stats target/bench-inputs/r2.fastq
seqkit stats paired/r1/gzip	seqkit	0	0.05	seqkit stats target/bench-inputs/r1.fastq.gz
seqkit stats paired/r2/gzip	seqkit	0	0.06	seqkit stats target/bench-inputs/r2.fastq.gz
seqkit stats paired/r1/bgzf	seqkit	0	0.08	seqkit stats target/bench-inputs/r1.fastq.bgz
seqkit stats paired/r2/bgzf	seqkit	0	0.06	seqkit stats target/bench-inputs/r2.fastq.bgz
seqtk comp single/raw	seqtk	0	0.16	bash -lc seqtk comp 'target/bench-inputs/single.fastq' >/dev/null
seqtk comp single/gzip	seqtk	0	0.18	bash -lc seqtk comp 'target/bench-inputs/single.fastq.gz' >/dev/null
seqtk comp single/bgzf	seqtk	0	0.18	bash -lc seqtk comp 'target/bench-inputs/single.fastq.bgz' >/dev/null
seqtk fqchk single/raw	seqtk	0	0.03	seqtk fqchk target/bench-inputs/single.fastq
bgzip test single/bgzf	bgzip	0	0.00	bgzip -t target/bench-inputs/single.fastq.bgz
bgzip decompress single/bgzf	bgzip	0	0.02	bash -lc bgzip -dc 'target/bench-inputs/single.fastq.bgz' >/dev/null
samtools import single/raw	samtools	0	0.09	samtools import -0 target/bench-inputs/single.fastq -o /dev/null -O BAM -@ 24
samtools import paired/raw	samtools	0	0.20	samtools import -1 target/bench-inputs/r1.fastq -2 target/bench-inputs/r2.fastq -o /dev/null -O BAM -@ 24
samtools import paired/gzip	samtools	0	0.18	samtools import -1 target/bench-inputs/r1.fastq.gz -2 target/bench-inputs/r2.fastq.gz -o /dev/null -O BAM -@ 24
samtools import paired/bgzf	samtools	0	0.13	samtools import -1 target/bench-inputs/r1.fastq.bgz -2 target/bench-inputs/r2.fastq.bgz -o /dev/null -O BAM -@ 24
fastp paired/raw	fastp	0	0.46	bash -lc fastp --in1 'target/bench-inputs/r1.fastq' --in2 'target/bench-inputs/r2.fastq' --stdout --disable_adapter_trimming --disable_quality_filtering --disable_length_filtering --thread '24' --json 'target/bench-results-drosophila-read-types/fastp.json' --html 'target/bench-results-drosophila-read-types/fastp.html' >/dev/null
fastp paired/gzip	fastp	0	0.40	bash -lc fastp --in1 'target/bench-inputs/r1.fastq.gz' --in2 'target/bench-inputs/r2.fastq.gz' --stdout --disable_adapter_trimming --disable_quality_filtering --disable_length_filtering --thread '24' --json 'target/bench-results-drosophila-read-types/fastp-gzip.json' --html 'target/bench-results-drosophila-read-types/fastp-gzip.html' >/dev/null
fastp paired/bgzf	fastp	0	0.17	bash -lc fastp --in1 'target/bench-inputs/r1.fastq.bgz' --in2 'target/bench-inputs/r2.fastq.bgz' --stdout --disable_adapter_trimming --disable_quality_filtering --disable_length_filtering --thread '24' --json 'target/bench-results-drosophila-read-types/fastp-bgzf.json' --html 'target/bench-results-drosophila-read-types/fastp-bgzf.html' >/dev/null
seqkit stats corpus-paired/drosophila_illumina_1m_raw/r1	seqkit	0	0.22	seqkit stats ~/Projects/Benchmarks/datasets/drosophila_melanogaster/illumina_pe_r1.1m.fq
seqkit stats corpus-paired/drosophila_illumina_1m_raw/r2	seqkit	0	0.16	seqkit stats ~/Projects/Benchmarks/datasets/drosophila_melanogaster/illumina_pe_r2.1m.fq
seqtk fqchk corpus-paired/drosophila_illumina_1m_raw/r1	seqtk	0	0.14	seqtk fqchk ~/Projects/Benchmarks/datasets/drosophila_melanogaster/illumina_pe_r1.1m.fq
seqtk fqchk corpus-paired/drosophila_illumina_1m_raw/r2	seqtk	0	0.14	seqtk fqchk ~/Projects/Benchmarks/datasets/drosophila_melanogaster/illumina_pe_r2.1m.fq
samtools import corpus-paired/drosophila_illumina_1m_raw	samtools	0	0.90	samtools import -1 ~/Projects/Benchmarks/datasets/drosophila_melanogaster/illumina_pe_r1.1m.fq -2 ~/Projects/Benchmarks/datasets/drosophila_melanogaster/illumina_pe_r2.1m.fq -o /dev/null -O BAM -@ 24
fastp corpus-paired/drosophila_illumina_1m_raw	fastp	0	1.90	bash -lc fastp --in1 '~/Projects/Benchmarks/datasets/drosophila_melanogaster/illumina_pe_r1.1m.fq' --in2 '~/Projects/Benchmarks/datasets/drosophila_melanogaster/illumina_pe_r2.1m.fq' --stdout --disable_adapter_trimming --disable_quality_filtering --disable_length_filtering --thread '24' --json 'target/bench-results-drosophila-read-types/fastp-drosophila_illumina_1m_raw.json' --html 'target/bench-results-drosophila-read-types/fastp-drosophila_illumina_1m_raw.html' >/dev/null
seqkit stats corpus/pacbio_clr_subreads.50k.fq	seqkit	0	0.09	seqkit stats ~/Projects/Benchmarks/datasets/drosophila_melanogaster/pacbio_clr_subreads.50k.fq
seqtk comp corpus/pacbio_clr_subreads.50k.fq	seqtk	0	0.67	bash -lc seqtk comp '~/Projects/Benchmarks/datasets/drosophila_melanogaster/pacbio_clr_subreads.50k.fq' >/dev/null
seqtk fqchk corpus/pacbio_clr_subreads.50k.fq	seqtk	0	0.57	seqtk fqchk ~/Projects/Benchmarks/datasets/drosophila_melanogaster/pacbio_clr_subreads.50k.fq
samtools import corpus/pacbio_clr_subreads.50k.fq	samtools	0	0.70	samtools import -0 ~/Projects/Benchmarks/datasets/drosophila_melanogaster/pacbio_clr_subreads.50k.fq -o /dev/null -O BAM -@ 24
fastp corpus/pacbio_clr_subreads.50k.fq	fastp	0	2.30	bash -lc fastp --in1 '~/Projects/Benchmarks/datasets/drosophila_melanogaster/pacbio_clr_subreads.50k.fq' --stdout --disable_adapter_trimming --disable_quality_filtering --disable_length_filtering --thread '24' --json 'target/bench-results-drosophila-read-types/fastp-corpus_pacbio_clr_subreads.50k.fq.json' --html 'target/bench-results-drosophila-read-types/fastp-corpus_pacbio_clr_subreads.50k.fq.html' >/dev/null
seqkit stats corpus/ont.50k.fq	seqkit	0	0.37	seqkit stats ~/Projects/Benchmarks/datasets/drosophila_melanogaster/ont.50k.fq
seqtk comp corpus/ont.50k.fq	seqtk	0	1.11	bash -lc seqtk comp '~/Projects/Benchmarks/datasets/drosophila_melanogaster/ont.50k.fq' >/dev/null
seqtk fqchk corpus/ont.50k.fq	seqtk	0	0.86	seqtk fqchk ~/Projects/Benchmarks/datasets/drosophila_melanogaster/ont.50k.fq
samtools import corpus/ont.50k.fq	samtools	0	0.84	samtools import -0 ~/Projects/Benchmarks/datasets/drosophila_melanogaster/ont.50k.fq -o /dev/null -O BAM -@ 24
fastp corpus/ont.50k.fq	fastp	0	2.66	bash -lc fastp --in1 '~/Projects/Benchmarks/datasets/drosophila_melanogaster/ont.50k.fq' --stdout --disable_adapter_trimming --disable_quality_filtering --disable_length_filtering --thread '24' --json 'target/bench-results-drosophila-read-types/fastp-corpus_ont.50k.fq.json' --html 'target/bench-results-drosophila-read-types/fastp-corpus_ont.50k.fq.html' >/dev/null
