tool	records	bases	best_ms	records_s	bases_s	checksum	input_bytes	iters	source	compression
microraptor-resident-visitor	50000	7500000	1.291	38724117	5808617665	6634244326581941964	7938890	3	synthetic-raw:50000x150	raw
microraptor-two-line-resident-visitor	50000	7500000	1.031	48495664	7274349673	6634244326581941964	7938890	3	synthetic-raw:50000x150	raw
microraptor-two-line-resident-counter	50000	7500000	0.751	66583304	9987495655	6634244326581941964	7938890	3	synthetic-raw:50000x150	raw
microraptor-two-line-stream-visitor	50000	7500000	1.601	31234558	4685183762	6634244326581941964	7938890	3	synthetic-raw:50000x150	raw
microraptor-two-line-stream-counter	50000	7500000	1.408	35520647	5328097116	6634244326581941964	7938890	3	synthetic-raw:50000x150	raw
microraptor-stream	50000	7500000	3.755	13316132	1997419866	6634244326581941964	7938890	3	synthetic-raw:50000x150	raw
microraptor-stream-visitor	50000	7500000	3.407	14674909	2201236449	6634244326581941964	7938890	3	synthetic-raw:50000x150	raw
seq_io	50000	7500000	1.152	43389369	6508405388	6634244326581941964	7938890	3	synthetic-raw:50000x150	raw
bio	50000	7500000	4.756	10513924	1577088727	6634244326581941964	7938890	3	synthetic-raw:50000x150	raw
